<?xml version="1.0" encoding="UTF-8"?>
<configuration>

	<property name="LOGS" value="./logs" />

	<appender name="Console"
		class="ch.qos.logback.core.ConsoleAppender">
		<encoder>
			<Pattern>
				%black(%d{ISO8601}) %highlight(%-5level) [%blue(%t)] %yellow(%C{1.}): %msg%n%throwable
			</Pattern>
		</encoder>
	</appender>
  
	<appender name="RollingFile"
		class="ch.qos.logback.core.rolling.RollingFileAppender">
		<file>${LOGS}/campsite-reservation-logger.log</file>
		<encoder>
			<Pattern>%d %p %C{1.} [%t] %m%n</Pattern>
		</encoder>
		<rollingPolicy
			class="ch.qos.logback.core.rolling.SizeAndTimeBasedRollingPolicy">
			<!-- rollover daily -->
			<fileNamePattern>mylog-%d{yyyy-MM-dd}.%i.txt</fileNamePattern>
            <fileNamePattern>${LOGS}/archived/parser-logger-%d{yyyy-MM-dd}.%i.log</fileNamePattern>
			<!-- each file should be at most 50MB, keep 30 days worth of history, but at most 10GB -->
			<maxFileSize>50MB</maxFileSize>
			<maxHistory>30</maxHistory>
			<totalSizeCap>10GB</totalSizeCap>
		</rollingPolicy>
	</appender>

   <appender name="ASYNC-RollingFile" class="ch.qos.logback.classic.AsyncAppender">
     <appender-ref ref="RollingFile" />
     <queueSize>100</queueSize>
   </appender>
  
	<!-- LOG everything at INFO level -->
	<root level="info">
		<appender-ref ref="ASYNC-RollingFile" />
		<!--<appender-ref ref="Console" /> -->
		<!-- <appender-ref ref="RollingFile" />-->
	</root>
	<!-- <logger name="com.upgrade.reservation" level="trace"/>-->
	<!-- <Logger name="org.hibernate.type.descriptor.sql" level="trace"/>-->
	<logger name="org.hibernate.SQL" level="DEBUG" />
	<!--<logger name="org.hibernate.type" level="TRACE" />-->
	<!--<logger name="org.hibernate.type" level="ALL" />-->
    <logger name="org.hibernate" level="DEBUG" />
</configuration>